{"stations": 5, "periods": 10, "jobs": 10, "passengers": 2000, "routes": 3, "coords": [[0.3044084064007771, 0.6762812025741588], [-0.4721935591312115, 0.682051096593445], [-0.657663446794085, 0.05428002261931836], [-0.2508324145918874, -0.6568744615640193], [0.492908625043638, -0.3218446977786867]], "pi": {"1": 3, "2": 2, "3": 1, "4": 1, "5": 1, "6": 4, "7": 1, "8": 2, "9": 1, "10": 1}, "Aj": {"1": [[1, 5]], "2": [[3, 5], [1, 3], [1, 2]], "3": [[2, 3], [3, 4]], "4": [[2, 3]], "5": [[2, 3], [3, 4], [2, 5], [2, 4]], "6": [[1, 2]], "7": [[4, 5], [1, 5], [2, 4]], "8": [[2, 3], [2, 4]], "9": [[1, 4]], "10": [[1, 4], [1, 3]]}, "C": [], "tau": {"(1, 2)": 0, "(1, 3)": 1, "(1, 4)": 3, "(1, 5)": 0, "(2, 3)": 1, "(2, 4)": 0, "(2, 5)": 0, "(3, 4)": 2, "(3, 5)": 1, "(4, 5)": 0}, "phi": {"(1, 2, 1)": 1243, "(1, 2, 2)": 832, "(1, 2, 3)": 918, "(1, 2, 4)": 143, "(1, 2, 5)": 767, "(1, 2, 6)": 1268, "(1, 2, 7)": 1587, "(1, 2, 8)": 1987, "(1, 2, 9)": 996, "(1, 2, 10)": 1803, "(1, 3, 1)": 1897, "(1, 3, 2)": 688, "(1, 3, 3)": 1819, "(1, 3, 4)": 1853, "(1, 3, 5)": 143, "(1, 3, 6)": 1027, "(1, 3, 7)": 261, "(1, 3, 8)": 370, "(1, 3, 9)": 194, "(1, 3, 10)": 774, "(1, 4, 1)": 373, "(1, 4, 2)": 1869, "(1, 4, 3)": 226, "(1, 4, 4)": 294, "(1, 4, 5)": 1650, "(1, 4, 6)": 1403, "(1, 4, 7)": 739, "(1, 4, 8)": 376, "(1, 4, 9)": 354, "(1, 4, 10)": 1588, "(1, 5, 1)": 1136, "(1, 5, 2)": 582, "(1, 5, 3)": 1537, "(1, 5, 4)": 1637, "(1, 5, 5)": 13, "(1, 5, 6)": 962, "(1, 5, 7)": 1728, "(1, 5, 8)": 1807, "(1, 5, 9)": 168, "(1, 5, 10)": 1192, "(2, 1, 1)": 64, "(2, 1, 2)": 1541, "(2, 1, 3)": 443, "(2, 1, 4)": 1176, "(2, 1, 5)": 1648, "(2, 1, 6)": 607, "(2, 1, 7)": 465, "(2, 1, 8)": 1315, "(2, 1, 9)": 250, "(2, 1, 10)": 1630, "(2, 3, 1)": 1683, "(2, 3, 2)": 112, "(2, 3, 3)": 1373, "(2, 3, 4)": 471, "(2, 3, 5)": 291, "(2, 3, 6)": 998, "(2, 3, 7)": 706, "(2, 3, 8)": 1261, "(2, 3, 9)": 1601, "(2, 3, 10)": 1136, "(2, 4, 1)": 1633, "(2, 4, 2)": 256, "(2, 4, 3)": 1923, "(2, 4, 4)": 331, "(2, 4, 5)": 630, "(2, 4, 6)": 473, "(2, 4, 7)": 1191, "(2, 4, 8)": 1735, "(2, 4, 9)": 166, "(2, 4, 10)": 634, "(2, 5, 1)": 447, "(2, 5, 2)": 173, "(2, 5, 3)": 149, "(2, 5, 4)": 1703, "(2, 5, 5)": 1646, "(2, 5, 6)": 1407, "(2, 5, 7)": 486, "(2, 5, 8)": 1341, "(2, 5, 9)": 342, "(2, 5, 10)": 1430, "(3, 1, 1)": 1438, "(3, 1, 2)": 561, "(3, 1, 3)": 735, "(3, 1, 4)": 1214, "(3, 1, 5)": 1065, "(3, 1, 6)": 416, "(3, 1, 7)": 1366, "(3, 1, 8)": 936, "(3, 1, 9)": 877, "(3, 1, 10)": 280, "(3, 2, 1)": 713, "(3, 2, 2)": 1136, "(3, 2, 3)": 142, "(3, 2, 4)": 137, "(3, 2, 5)": 636, "(3, 2, 6)": 266, "(3, 2, 7)": 1971, "(3, 2, 8)": 475, "(3, 2, 9)": 1704, "(3, 2, 10)": 1302, "(3, 4, 1)": 1168, "(3, 4, 2)": 658, "(3, 4, 3)": 473, "(3, 4, 4)": 256, "(3, 4, 5)": 1506, "(3, 4, 6)": 1074, "(3, 4, 7)": 867, "(3, 4, 8)": 3, "(3, 4, 9)": 1001, "(3, 4, 10)": 798, "(3, 5, 1)": 1120, "(3, 5, 2)": 1868, "(3, 5, 3)": 762, "(3, 5, 4)": 214, "(3, 5, 5)": 1434, "(3, 5, 6)": 1772, "(3, 5, 7)": 642, "(3, 5, 8)": 779, "(3, 5, 9)": 315, "(3, 5, 10)": 1968, "(4, 1, 1)": 387, "(4, 1, 2)": 1376, "(4, 1, 3)": 1789, "(4, 1, 4)": 1186, "(4, 1, 5)": 1476, "(4, 1, 6)": 483, "(4, 1, 7)": 326, "(4, 1, 8)": 1956, "(4, 1, 9)": 945, "(4, 1, 10)": 713, "(4, 2, 1)": 102, "(4, 2, 2)": 251, "(4, 2, 3)": 1954, "(4, 2, 4)": 672, "(4, 2, 5)": 1983, "(4, 2, 6)": 1660, "(4, 2, 7)": 1043, "(4, 2, 8)": 1098, "(4, 2, 9)": 1460, "(4, 2, 10)": 1983, "(4, 3, 1)": 665, "(4, 3, 2)": 1336, "(4, 3, 3)": 1051, "(4, 3, 4)": 1434, "(4, 3, 5)": 993, "(4, 3, 6)": 1768, "(4, 3, 7)": 1641, "(4, 3, 8)": 1912, "(4, 3, 9)": 1227, "(4, 3, 10)": 769, "(4, 5, 1)": 1639, "(4, 5, 2)": 447, "(4, 5, 3)": 967, "(4, 5, 4)": 1508, "(4, 5, 5)": 695, "(4, 5, 6)": 351, "(4, 5, 7)": 442, "(4, 5, 8)": 420, "(4, 5, 9)": 633, "(4, 5, 10)": 822, "(5, 1, 1)": 1078, "(5, 1, 2)": 738, "(5, 1, 3)": 381, "(5, 1, 4)": 1312, "(5, 1, 5)": 1615, "(5, 1, 6)": 1172, "(5, 1, 7)": 1537, "(5, 1, 8)": 1347, "(5, 1, 9)": 409, "(5, 1, 10)": 579, "(5, 2, 1)": 106, "(5, 2, 2)": 1017, "(5, 2, 3)": 1873, "(5, 2, 4)": 526, "(5, 2, 5)": 989, "(5, 2, 6)": 993, "(5, 2, 7)": 1012, "(5, 2, 8)": 116, "(5, 2, 9)": 753, "(5, 2, 10)": 1698, "(5, 3, 1)": 95, "(5, 3, 2)": 207, "(5, 3, 3)": 565, "(5, 3, 4)": 1370, "(5, 3, 5)": 1167, "(5, 3, 6)": 1656, "(5, 3, 7)": 1950, "(5, 3, 8)": 1713, "(5, 3, 9)": 1906, "(5, 3, 10)": 1569, "(5, 4, 1)": 348, "(5, 4, 2)": 1974, "(5, 4, 3)": 1194, "(5, 4, 4)": 1703, "(5, 4, 5)": 742, "(5, 4, 6)": 771, "(5, 4, 7)": 1017, "(5, 4, 8)": 1208, "(5, 4, 9)": 1166, "(5, 4, 10)": 243}, "beta": {"(1, 2, 1)": 0.2708875131672326, "(1, 2, 2)": 0.029612432141835288, "(1, 2, 3)": 0.47962781252859066, "(1, 2, 4)": 0.7455633078004509, "(1, 2, 5)": 0.0214517122004797, "(1, 2, 6)": 0.2578945475570307, "(1, 2, 7)": 0.07396337576917633, "(1, 2, 8)": 0.3276453624875285, "(1, 2, 9)": 0.0034525277219513706, "(1, 2, 10)": 0.6039945615130173, "(1, 3, 1)": 0.07474475058731656, "(1, 3, 2)": 0.4075760502388067, "(1, 3, 3)": 0.9784121662625731, "(1, 3, 4)": 0.09755745857098386, "(1, 3, 5)": 0.21733874941523912, "(1, 3, 6)": 0.5134505657311303, "(1, 3, 7)": 0.029695517549054196, "(1, 3, 8)": 0.06171803515993657, "(1, 3, 9)": 0.48062199046691734, "(1, 3, 10)": 0.7935246688973094, "(1, 4, 1)": 0.716435182125516, "(1, 4, 2)": 0.7006725880048127, "(1, 4, 3)": 0.3428500663434344, "(1, 4, 4)": 0.07827016363185979, "(1, 4, 5)": 0.804355366965485, "(1, 4, 6)": 0.6820687742731577, "(1, 4, 7)": 0.7008774484209404, "(1, 4, 8)": 0.7224909424114986, "(1, 4, 9)": 0.5909780739970357, "(1, 4, 10)": 0.33674753132279356, "(1, 5, 1)": 0.7995917364884482, "(1, 5, 2)": 0.9485613276977536, "(1, 5, 3)": 0.8490893631615071, "(1, 5, 4)": 0.05559245660009615, "(1, 5, 5)": 0.4299897739268913, "(1, 5, 6)": 0.6520655340693398, "(1, 5, 7)": 0.32419370637315426, "(1, 5, 8)": 0.5485721903711065, "(1, 5, 9)": 0.6049448164341475, "(1, 5, 10)": 0.962983652533092, "(2, 1, 1)": 0.07216642302319842, "(2, 1, 2)": 0.1583707616491361, "(2, 1, 3)": 0.2997323984595426, "(2, 1, 4)": 0.8506133972492431, "(2, 1, 5)": 0.43728160408189887, "(2, 1, 6)": 0.809679612629752, "(2, 1, 7)": 0.39866372097734637, "(2, 1, 8)": 0.7639038098312094, "(2, 1, 9)": 0.08925651021390191, "(2, 1, 10)": 0.6943843495019008, "(2, 3, 1)": 0.7705328137400858, "(2, 3, 2)": 0.7481461189009233, "(2, 3, 3)": 0.4632904166521118, "(2, 3, 4)": 0.794143537395621, "(2, 3, 5)": 0.16650032687351635, "(2, 3, 6)": 0.6835560769511594, "(2, 3, 7)": 0.141685255864211, "(2, 3, 8)": 0.9323532786683408, "(2, 3, 9)": 0.05405644489974881, "(2, 3, 10)": 0.5296192762098444, "(2, 4, 1)": 0.4754403032149963, "(2, 4, 2)": 0.8051744717876043, "(2, 4, 3)": 0.9248330387344341, "(2, 4, 4)": 0.3418071742453339, "(2, 4, 5)": 0.6278415222965852, "(2, 4, 6)": 0.6205060896372127, "(2, 4, 7)": 0.8277337516644012, "(2, 4, 8)": 0.1500074680662714, "(2, 4, 9)": 0.18754676959361194, "(2, 4, 10)": 0.9568624805926145, "(2, 5, 1)": 0.3679723448224138, "(2, 5, 2)": 0.6881989686629635, "(2, 5, 3)": 0.31912109820117407, "(2, 5, 4)": 0.04330618994739488, "(2, 5, 5)": 0.6212627809019029, "(2, 5, 6)": 0.5917539344474513, "(2, 5, 7)": 0.6192048677510374, "(2, 5, 8)": 0.11483329027671818, "(2, 5, 9)": 0.1924915850505885, "(2, 5, 10)": 0.4938502434916987, "(3, 1, 1)": 0.7156713337868706, "(3, 1, 2)": 0.9899160266437795, "(3, 1, 3)": 0.21879914664562827, "(3, 1, 4)": 0.8702864947472593, "(3, 1, 5)": 0.7420942132777929, "(3, 1, 6)": 0.181777284193401, "(3, 1, 7)": 0.7895381871423821, "(3, 1, 8)": 0.31848662618742407, "(3, 1, 9)": 0.5120798892052265, "(3, 1, 10)": 0.6791216284234978, "(3, 2, 1)": 0.6160214255794815, "(3, 2, 2)": 0.6667937677735374, "(3, 2, 3)": 0.8224802569092093, "(3, 2, 4)": 0.25617357867418766, "(3, 2, 5)": 0.9532446666313605, "(3, 2, 6)": 0.9491979189338181, "(3, 2, 7)": 0.1616625788077366, "(3, 2, 8)": 0.10592288772518743, "(3, 2, 9)": 0.7659962075460004, "(3, 2, 10)": 0.2617390604080255, "(3, 4, 1)": 0.9540940683963051, "(3, 4, 2)": 0.7071622990897389, "(3, 4, 3)": 0.094660223355996, "(3, 4, 4)": 0.2447267434686441,